﻿<?xml version="1.0" encoding="UTF-8" standalone="yes"?> 
<Picture> 
    <PictureVariant name="85.png" screenDensity="bldpi" isTemplate="true"/> 
    <PictureVariant name="100.png" screenDensity="ldpi" isTemplate="true"/> 
    <PictureVariant name="125.png" screenDensity="aldpi" isTemplate="true"/> 
    <PictureVariant name="150.png" screenDensity="mdpi" isTemplate="true"/> 
    <PictureVariant name="175.png" screenDensity="amdpi" isTemplate="true"/> 
    <PictureVariant name="200.png" screenDensity="hdpi" isTemplate="true"/> 
    <PictureVariant name="300.png" screenDensity="xdpi" isTemplate="true"/> 
    <PictureVariant name="400.png" screenDensity="udpi" isTemplate="true"/> 
</Picture> 
